file,start_timestamp,end_timestamp
0925_p1_1.mkv,1727232490.0,1727233036.0
0925_p1_2.mkv,1727233868.27,1727234248.0
0925_p1_3.mkv,1727235414.7,1727235936.0
0925_p1_4.mkv,1727236611.27,1727237194.0
0925_p1_5.mkv,1727238401.95,1727238774.0
0925_p1_6.mkv,1727239180.37,1727239548.0
0925_p1_7.mkv,1727240465.85,1727240990.0
0925_p1_8.mkv,1727241716.95,1727242314.0
0926_p2_1.mkv,1727338872.4,1727339384.0
0926_p2_2.mkv,1727343435.72,1727343978.0
0926_p2_3.mkv,1727340676.9,1727341514.0
0926_p2_4.mkv,1727336003.47,1727336608.0
0926_p2_5.mkv,1727338131.67,1727338440.0
0926_p2_6.mkv,1727342934.38,1727343210.0
0926_p2_7.mkv,1727341889.05,1727342424.0
0926_p2_8.mkv,1727339628.33,1727340142.0
0927_p3_1.mkv,1727404591.05,1727404940.0
0927_p3_2.mkv,1727406869.5,1727407154.0
0927_p3_3.mkv,1727403656.8,1727404142.0
0927_p3_4.mkv,1727402621.93,1727403112.0
0927_p3_5.mkv,1727408275.88,1727408692.0
0927_p3_6.mkv,1727406313.53,1727406654.0
0927_p3_7.mkv,1727407329.55,1727407726.0
0927_p3_8.mkv,1727405470.97,1727405928.0
0927_p4_1.mkv,1727423509.1,1727423794.0
0927_p4_2.mkv,1727425252.75,1727425540.0
0927_p4_3.mkv,1727421927.17,1727422360.0
0927_p4_4.mkv,1727422689.02,1727423182.0
0927_p4_5.mkv,1727423952.32,1727424210.0
0927_p4_6.mkv,1727425740.98,1727426006.0
0927_p4_7.mkv,1727424480.0,1727424842.0
0927_p4_8.mkv,1727420925.05,1727421624.0
1002_p5_1.mkv,1727858088.95,1727858348.0
1002_p5_2.mkv,1727854949.67,1727855242.0
1002_p5_3.mkv,1727858521.48,1727859012.0
1002_p5_4.mkv,1727855995.93,1727856446.0
1002_p5_5.mkv,1727857561.08,1727857840.0
1002_p5_6.mkv,1727853959.87,1727854268.0
1002_p5_7.mkv,1727852915.43,1727853328.0
1002_p5_8.mkv,1727856724.45,1727857196.0
1003_p6_1.mkv,1727940385.75,1727940898.0
1003_p6_2.mkv,1727941271.03,1727941710.0
1003_p6_3.mkv,1727946949.45,1727947508.0
1003_p6_4.mkv,1727944450.85,1727944974.0
1003_p6_5.mkv,1727942469.68,1727942798.0
1003_p6_6.mkv,1727946374.8,1727946660.0
1003_p6_7.mkv,1727945474.32,1727945920.0
1003_p6_8.mkv,1727939358.82,1727939790.0
1004_p7_1.mkv,1728031069.82,1728031324.0
1004_p7_2.mkv,1728032536.53,1728032790.0
1004_p7_3.mkv,1728025392.95,1728025952.0
1004_p7_4.mkv,1728031609.7,1728032032.0
1004_p7_5.mkv,1728026743.37,1728027026.0
1004_p7_6.mkv,1728029287.75,1728029560.0
1004_p7_7.mkv,1728028327.68,1728028654.0
1004_p7_8.mkv,1728027608.57,1728027952.0
1007_p8_1.mkv,1728291151.9,1728291438.0
1007_p8_2.mkv,1728289972.0,1728290284.0
1007_p8_3.mkv,1728288739.45,1728289224.0
1007_p8_4.mkv,1728291907.47,1728292388.0
1007_p8_5.mkv,1728293373.38,1728293624.0
1007_p8_6.mkv,1728290643.15,1728290928.0
1007_p8_7.mkv,1728287026.82,1728287460.0
1007_p8_8.mkv,1728292710.87,1728293044.0
1008_p9_1.mkv,1728353711.78,1728353990.0
1008_p9_2.mkv,1728354939.07,1728355256.0
1008_p9_3.mkv,1728355729.28,1728356158.0
1008_p9_4.mkv,1728352747.5,1728353272.0
1008_p9_5.mkv,1728354192.88,1728354484.0
1008_p9_6.mkv,1728358166.6,1728358440.0
1008_p9_7.mkv,1728357519.6,1728357842.0
1008_p9_8.mkv,1728356709.45,1728357120.0
1009_p10_1.mkv,1728443504.18,1728443782.0
1009_p10_2.mkv,1728441121.27,1728441416.0
1009_p10_3.mkv,1728442702.02,1728443110.0
1009_p10_4.mkv,1728441761.1,1728442172.0
1009_p10_5.mkv,1728444096.35,1728444344.0
1009_p10_6.mkv,1728439852.67,1728440258.0
1009_p10_7.mkv,1728446094.53,1728446498.0
1009_p10_8.mkv,1728445213.32,1728445646.0
1009_p11_1.mkv,1728463795.17,1728464090.0
1009_p11_2.mkv,1728459752.03,1728460206.0
1009_p11_3.mkv,1728462933.85,1728463346.0
1009_p11_4.mkv,1728464343.38,1728464856.0
1009_p11_5.mkv,1728461436.12,1728461706.0
1009_p11_6.mkv,1728460648.23,1728460938.0
1009_p11_7.mkv,1728462043.72,1728462362.0
1009_p11_8.mkv,1728465263.53,1728465730.0
1010_p12_1.mkv,1728552728.17,1728553010.0
1010_p12_2.mkv,1728549707.78,1728550058.0
1010_p12_3.mkv,1728548551.22,1728549096.0
1010_p12_4.mkv,1728544552.0,1728545198.0
1010_p12_5.mkv,1728546324.07,1728546592.0
1010_p12_6.mkv,1728551928.33,1728552330.0
1010_p12_7.mkv,1728550410.22,1728550816.0
1010_p12_8.mkv,1728551301.87,1728551584.0
1014_p13_1.mkv,1728890190.97,1728890486.0
1014_p13_2.mkv,1728894390.43,1728894656.0
1014_p13_3.mkv,1728893432.37,1728893850.0
1014_p13_4.mkv,1728891549.58,1728891964.0
1014_p13_5.mkv,1728895020.62,1728895264.0
1014_p13_6.mkv,1728890937.38,1728891204.0
1014_p13_7.mkv,1728889306.48,1728889920.0
1014_p13_8.mkv,1728892492.32,1728892924.0
1015_p14_1.mkv,1728962455.97,1728962848.0
1015_p14_2.mkv,1728959636.28,1728960190.0
1015_p14_3.mkv,1728963955.63,1728964394.0
1015_p14_4.mkv,1728964712.18,1728965166.0
1015_p14_5.mkv,1728965384.27,1728965704.0
1015_p14_6.mkv,1728961992.82,1728962286.0
1015_p14_7.mkv,1728963131.9,1728963628.0
1015_p14_8.mkv,1728961142.02,1728961710.0
1016_p15_1.mkv,1729046845.63,1729047098.0
1016_p15_2.mkv,1729049227.28,1729049518.0
1016_p15_3.mkv,1729047389.53,1729047828.0
1016_p15_4.mkv,1729049757.85,1729050170.0
1016_p15_5.mkv,1729048166.37,1729048410.0
1016_p15_6.mkv,1729045568.22,1729045814.0
1016_p15_7.mkv,1729046074.15,1729046460.0
1016_p15_8.mkv,1729048584.28,1729048822.0
1016_p16_1.mkv,1729070951.28,1729071266.0
1016_p16_2.mkv,1729069184.5,1729069506.0
1016_p16_3.mkv,1729070049.93,1729070476.0
1016_p16_4.mkv,1729064811.2,1729065420.0
1016_p16_5.mkv,1729067654.25,1729067940.0
1016_p16_6.mkv,1729071682.87,1729071976.0
1016_p16_7.mkv,1729068319.32,1729068640.0
1016_p16_8.mkv,1729066223.9,1729066610.0
1017_p17_1.mkv,1729154264.92,1729154558.0
1017_p17_2.mkv,1729148951.47,1729149272.0
1017_p17_3.mkv,1729153293.98,1729153722.0
1017_p17_4.mkv,1729154930.0,1729155428.0
1017_p17_5.mkv,1729149867.63,1729150144.0
1017_p17_6.mkv,1729151689.47,1729151972.0
1017_p17_7.mkv,1729152341.62,1729152798.0
1017_p17_8.mkv,1729150611.02,1729151042.0
1018_p18_1.mkv,1729217009.8,1729217258.0
1018_p18_2.mkv,1729219762.08,1729220014.0
1018_p18_3.mkv,1729221500.08,1729221952.0
1018_p18_4.mkv,1729218072.65,1729218596.0
1018_p18_5.mkv,1729220221.27,1729220428.0
1018_p18_6.mkv,1729217559.62,1729217816.0
1018_p18_7.mkv,1729220981.23,1729221294.0
1018_p18_8.mkv,1729219020.58,1729219310.0
1028_p19_1.mkv,1730106927.52,1730107208.0
1028_p19_2.mkv,1730104105.25,1730104414.0
1028_p19_3.mkv,1730102422.47,1730102928.0
1028_p19_4.mkv,1730105318.48,1730105744.0
1028_p19_5.mkv,1730107366.0,1730107640.0
1028_p19_6.mkv,1730103427.67,1730103732.0
1028_p19_7.mkv,1730106078.38,1730106504.0
1028_p19_8.mkv,1730104703.72,1730105010.0
1029_p20_1.mkv,1730173133.9,1730173382.0
1029_p20_2.mkv,1730173547.02,1730173766.0
1029_p20_3.mkv,1730170161.1,1730170686.0
1029_p20_4.mkv,1730172344.6,1730172794.0
1029_p20_5.mkv,1730173912.03,1730174126.0
1029_p20_6.mkv,1730171700.25,1730171986.0
1029_p20_7.mkv,1730171183.45,1730171492.0
1029_p20_8.mkv,1730169317.17,1730169722.0
1029_p21_1.mkv,1730189246.08,1730189522.0
1029_p21_2.mkv,1730191722.63,1730192014.0
1029_p21_3.mkv,1730190819.12,1730191264.0
1029_p21_4.mkv,1730186560.83,1730187062.0
1029_p21_5.mkv,1730188515.55,1730188790.0
1029_p21_6.mkv,1730185823.67,1730186144.0
1029_p21_7.mkv,1730187667.97,1730187974.0
1029_p21_8.mkv,1730189728.65,1730190152.0
1030_p22_1.mkv,1730254224.0,1730254474.0
1030_p22_2.mkv,1730257760.57,1730257992.0
1030_p22_3.mkv,1730254750.28,1730255226.0
1030_p22_4.mkv,1730257040.05,1730257462.0
1030_p22_5.mkv,1730258170.25,1730258382.0
1030_p22_6.mkv,1730256582.43,1730256834.0
1030_p22_7.mkv,1730253356.0,1730253678.0
1030_p22_8.mkv,1730255759.33,1730256172.0
1030_p23_1.mkv,1730272801.1,1730273010.0
1030_p23_2.mkv,1730272276.07,1730272534.0
1030_p23_3.mkv,1730276292.6,1730276626.0
1030_p23_4.mkv,1730273749.68,1730274090.0
1030_p23_5.mkv,1730274634.67,1730274814.0
1030_p23_6.mkv,1730273243.7,1730273468.0
1030_p23_7.mkv,1730275064.52,1730275344.0
1030_p23_8.mkv,1730275656.57,1730275974.0
1031_p24_1.mkv,1730357864.93,1730358168.0
1031_p24_2.mkv,1730358413.57,1730358632.0
1031_p24_3.mkv,1730360938.83,1730361352.0
1031_p24_4.mkv,1730361569.55,1730361982.0
1031_p24_5.mkv,1730360530.03,1730360782.0
1031_p24_6.mkv,1730360099.95,1730360348.0
1031_p24_7.mkv,1730359376.37,1730359656.0
1031_p24_8.mkv,1730358823.68,1730359276.0
1101_p25_1.mkv,1730429436.45,1730429708.0
1101_p25_2.mkv,1730429949.95,1730430198.0
1101_p25_3.mkv,1730430429.33,1730430856.0
1101_p25_4.mkv,1730427416.18,1730427854.0
1101_p25_5.mkv,1730428224.33,1730428462.0
1101_p25_6.mkv,1730431261.08,1730431514.0
1101_p25_7.mkv,1730428719.32,1730429064.0
1101_p25_8.mkv,1730426753.0,1730427038.0
1101_p26_1.mkv,1730450383.32,1730450666.0
1101_p26_2.mkv,1730451501.37,1730451822.0
1101_p26_3.mkv,1730448144.85,1730448630.0
1101_p26_4.mkv,1730446974.12,1730447456.0
1101_p26_5.mkv,1730451008.08,1730451246.0
1101_p26_6.mkv,1730449190.52,1730449448.0
1101_p26_7.mkv,1730449672.87,1730449956.0
1101_p26_8.mkv,1730445901.82,1730446258.0
1104_p27_1.mkv,1730706054.82,1730706360.0
1104_p27_2.mkv,1730708192.15,1730708428.0
1104_p27_3.mkv,1730710157.53,1730710508.0
1104_p27_4.mkv,1730707351.68,1730707752.0
1104_p27_5.mkv,1730705421.25,1730705670.0
1104_p27_6.mkv,1730709647.65,1730709906.0
1104_p27_7.mkv,1730708748.22,1730709144.0
1104_p27_8.mkv,1730706681.48,1730706958.0
1105_p28_1.mkv,1730777769.18,1730778072.0
1105_p28_2.mkv,1730776564.48,1730776854.0
1105_p28_3.mkv,1730774847.37,1730775304.0
1105_p28_4.mkv,1730772466.45,1730773050.0
1105_p28_5.mkv,1730777154.9,1730777366.0
1105_p28_6.mkv,1730773534.03,1730773798.0
1105_p28_7.mkv,1730774210.6,1730774494.0
1105_p28_8.mkv,1730775743.25,1730776078.0
1105_p29_1.mkv,1730794353.92,1730794612.0
1105_p29_2.mkv,1730795602.13,1730795904.0
1105_p29_3.mkv,1730793437.93,1730793926.0
1105_p29_4.mkv,1730792431.13,1730792894.0
1105_p29_5.mkv,1730794957.43,1730795208.0
1105_p29_6.mkv,1730796242.77,1730796500.0
1105_p29_7.mkv,1730797937.58,1730798252.0
1105_p29_8.mkv,1730796755.9,1730797102.0
1106_p30_1.mkv,1730861697.02,1730861942.0
1106_p30_2.mkv,1730863795.62,1730864078.0
1106_p30_3.mkv,1730862121.3,1730862546.0
1106_p30_4.mkv,1730860304.63,1730860868.0
1106_p30_5.mkv,1730859309.65,1730859570.0
1106_p30_6.mkv,1730863407.67,1730863662.0
1106_p30_7.mkv,1730862946.83,1730863250.0
1106_p30_8.mkv,1730861191.45,1730861514.0
1107_p31_1.mkv,1730966068.72,1730966336.0
1107_p31_2.mkv,1730963214.37,1730963470.0
1107_p31_3.mkv,1730965349.05,1730965772.0
1107_p31_4.mkv,1730963741.1,1730964264.0
1107_p31_5.mkv,1730967497.28,1730967762.0
1107_p31_6.mkv,1730966465.43,1730966716.0
1107_p31_7.mkv,1730966909.92,1730967228.0
1107_p31_8.mkv,1730964700.92,1730965044.0
1108_p32_1.mkv,1731051025.9,1731051360.0
1108_p32_2.mkv,1731055649.2,1731055934.0
1108_p32_3.mkv,1731051768.72,1731052188.0
1108_p32_4.mkv,1731053668.67,1731054150.0
1108_p32_5.mkv,1731052622.05,1731052872.0
1108_p32_6.mkv,1731053104.78,1731053368.0
1108_p32_7.mkv,1731054643.6,1731054942.0
1108_p32_8.mkv,1731056226.83,1731056652.0
1111_p33_1.mkv,1731294589.28,1731294840.0
1111_p33_2.mkv,1731291127.48,1731291516.0
1111_p33_3.mkv,1731293885.22,1731294280.0
1111_p33_4.mkv,1731292570.12,1731293152.0
1111_p33_5.mkv,1731295703.6,1731296062.0
1111_p33_6.mkv,1731293336.52,1731293630.0
1111_p33_7.mkv,1731291858.17,1731292250.0
1111_p33_8.mkv,1731295010.28,1731295424.0
1111_p34_1.mkv,1731311508.78,1731311762.0
1111_p34_2.mkv,1731310572.3,1731310846.0
1111_p34_3.mkv,1731312026.28,1731312452.0
1111_p34_4.mkv,1731308140.98,1731308670.0
1111_p34_5.mkv,1731312702.05,1731313014.0
1111_p34_6.mkv,1731311051.42,1731311256.0
1111_p34_7.mkv,1731309197.67,1731309554.0
1111_p34_8.mkv,1731309888.1,1731310224.0
1112_p35_1.mkv,1731383022.78,1731383400.0
1112_p35_2.mkv,1731381352.88,1731381716.0
1112_p35_3.mkv,1731384730.55,1731385228.0
1112_p35_4.mkv,1731379350.78,1731380102.0
1112_p35_5.mkv,1731380694.17,1731380976.0
1112_p35_6.mkv,1731385694.27,1731385962.0
1112_p35_7.mkv,1731383803.38,1731384166.0
1112_p35_8.mkv,1731382104.78,1731382482.0
1112_p36_1.mkv,1731397624.98,1731397914.0
1112_p36_2.mkv,1731400992.97,1731401224.0
1112_p36_3.mkv,1731398149.08,1731398500.0
1112_p36_4.mkv,1731398765.78,1731399116.0
1112_p36_5.mkv,1731400074.78,1731400314.0
1112_p36_6.mkv,1731399589.3,1731399850.0
1112_p36_7.mkv,1731396922.7,1731397220.0
1112_p36_8.mkv,1731400522.12,1731400764.0
1113_p37_1.mkv,1731464319.93,1731464548.0
1113_p37_2.mkv,1731464792.17,1731465122.0
1113_p37_3.mkv,1731467958.0,1731468408.0
1113_p37_4.mkv,1731465828.32,1731466334.0
1113_p37_5.mkv,1731465315.25,1731465600.0
1113_p37_6.mkv,1731466998.52,1731467266.0
1113_p37_7.mkv,1731463354.12,1731463722.0
1113_p37_8.mkv,1731467419.12,1731467736.0
1113_p38_1.mkv,1731481644.27,1731481914.0
1113_p38_2.mkv,1731486650.35,1731486912.0
1113_p38_3.mkv,1731482478.58,1731482906.0
1113_p38_4.mkv,1731484482.12,1731484874.0
1113_p38_5.mkv,1731483824.3,1731484074.0
1113_p38_6.mkv,1731485348.67,1731485644.0
1113_p38_7.mkv,1731480730.67,1731481000.0
1113_p38_8.mkv,1731486005.97,1731486286.0
1114_p39_1.mkv,1731571267.22,1731571648.0
1114_p39_2.mkv,1731575276.63,1731575602.0
1114_p39_3.mkv,1731576476.72,1731576970.0
1114_p39_4.mkv,1731573126.42,1731573694.0
1114_p39_5.mkv,1731572506.63,1731572746.0
1114_p39_6.mkv,1731570450.62,1731570758.0
1114_p39_7.mkv,1731575862.55,1731576122.0
1114_p39_8.mkv,1731574167.97,1731574576.0
1115_p40_1.mkv,1731642896.28,1731643148.0
1115_p40_2.mkv,1731641078.0,1731641400.0
1115_p40_3.mkv,1731640223.67,1731640768.0
1115_p40_4.mkv,1731642270.63,1731642684.0
1115_p40_5.mkv,1731644312.33,1731644564.0
1115_p40_6.mkv,1731643337.92,1731643580.0
1115_p40_7.mkv,1731641620.42,1731642066.0
1115_p40_8.mkv,1731643793.67,1731644136.0
1115_p41_1.mkv,1731659438.17,1731659744.0
1115_p41_2.mkv,1731658129.12,1731658486.0
1115_p41_3.mkv,1731654751.77,1731655256.0
1115_p41_4.mkv,1731653360.77,1731654042.0
1115_p41_5.mkv,1731658837.3,1731659096.0
1115_p41_6.mkv,1731659975.32,1731660380.0
1115_p41_7.mkv,1731655904.37,1731656462.0
1115_p41_8.mkv,1731657193.82,1731657612.0
1118_p42_1.mkv,1731904159.27,1731904476.0
1118_p42_2.mkv,1731901590.27,1731901948.0
1118_p42_3.mkv,1731900891.88,1731901346.0
1118_p42_4.mkv,1731903403.07,1731903886.0
1118_p42_5.mkv,1731900419.08,1731900660.0
1118_p42_6.mkv,1731899886.27,1731900142.0
1118_p42_7.mkv,1731902748.35,1731903060.0
1118_p42_8.mkv,1731902158.43,1731902474.0
1118_p43_1.mkv,1731915785.77,1731916042.0
1118_p43_2.mkv,1731912674.95,1731912974.0
1118_p43_3.mkv,1731913178.32,1731913708.0
1118_p43_4.mkv,1731913898.75,1731914396.0
1118_p43_5.mkv,1731916220.12,1731916478.0
1118_p43_6.mkv,1731916699.3,1731916958.0
1118_p43_7.mkv,1731914572.4,1731914894.0
1118_p43_8.mkv,1731915117.22,1731915598.0
1119_p44_1.mkv,1731987501.58,1731987890.0
1119_p44_2.mkv,1731985863.43,1731986576.0
1119_p44_3.mkv,1731988262.87,1731988846.0
1119_p44_4.mkv,1731989214.35,1731989750.0
1119_p44_5.mkv,1731985275.33,1731985564.0
1119_p44_6.mkv,1731986861.93,1731987216.0
1119_p44_7.mkv,1731982433.58,1731982934.0
1119_p44_8.mkv,1731984061.2,1731984520.0
1120_p45_1.mkv,1732074362.98,1732074692.0
1120_p45_2.mkv,1732072565.45,1732072924.0
1120_p45_3.mkv,1732069467.73,1732069984.0
1120_p45_4.mkv,1732074970.5,1732075468.0
1120_p45_5.mkv,1732072166.32,1732072384.0
1120_p45_6.mkv,1732073884.6,1732074146.0
1120_p45_7.mkv,1732073177.27,1732073632.0
1120_p45_8.mkv,1732070476.78,1732070804.0
1120_p46_1.mkv,1732089281.6,1732089594.0
1120_p46_2.mkv,1732087904.23,1732088142.0
1120_p46_3.mkv,1732087011.8,1732087472.0
1120_p46_4.mkv,1732088436.77,1732088792.0
1120_p46_5.mkv,1732090654.23,1732090908.0
1120_p46_6.mkv,1732085674.95,1732085934.0
1120_p46_7.mkv,1732086207.75,1732086530.0
1120_p46_8.mkv,1732089903.78,1732090220.0
1122_p47_1.mkv,1732263741.93,1732264008.0
1122_p47_2.mkv,1732260433.8,1732260732.0
1122_p47_3.mkv,1732260977.85,1732261512.0
1122_p47_4.mkv,1732262404.52,1732262824.0
1122_p47_5.mkv,1732259699.55,1732260048.0
1122_p47_6.mkv,1732261872.18,1732262160.0
1122_p47_7.mkv,1732264190.13,1732264506.0
1122_p47_8.mkv,1732263063.78,1732263440.0
1126_p48_1.mkv,1732591536.58,1732591852.0
1126_p48_2.mkv,1732586837.68,1732587190.0
1126_p48_3.mkv,1732592615.47,1732593122.0
1126_p48_4.mkv,1732587716.38,1732588130.0
1126_p48_5.mkv,1732592116.73,1732592392.0
1126_p48_6.mkv,1732588816.33,1732589108.0
1126_p48_7.mkv,1732589744.35,1732590056.0
1126_p48_8.mkv,1732590627.17,1732590922.0
1127_p49_1.mkv,1732676401.7,1732676626.0
1127_p49_2.mkv,1732677187.0,1732677408.0
1127_p49_3.mkv,1732677544.77,1732677900.0
1127_p49_4.mkv,1732675817.92,1732676186.0
1127_p49_5.mkv,1732674784.38,1732675062.0
1127_p49_6.mkv,1732675241.83,1732675482.0
1127_p49_7.mkv,1732676754.82,1732677010.0
1127_p49_8.mkv,1732674094.77,1732674450.0
1127_p50_1.mkv,1732694580.0,1732694866.0
1127_p50_2.mkv,1732696187.05,1732696572.0
1127_p50_3.mkv,1732696890.27,1732697348.0
1127_p50_4.mkv,1732692858.38,1732693372.0
1127_p50_5.mkv,1732697715.67,1732697946.0
1127_p50_6.mkv,1732693792.63,1732694118.0
1127_p50_7.mkv,1732695265.87,1732695672.0
1127_p50_8.mkv,1732691828.45,1732692250.0
